<?xml version="1.0" encoding="UTF-8"?>
<root>
  <row>
    <location>9000020</location>
    <x>6785</x>
    <y>3535</y>
  </row>
  <row>
    <location>9000030</location>
    <x>6800</x>
    <y>3455</y>
  </row>
  <row>
    <location>9000035</location>
    <x>6555</x>
    <y>3355</y>
  </row>
  <row>
    <location>9000040</location>
    <x>6800</x>
    <y>3375</y>
  </row>
  <row>
    <location>9000045</location>
    <x>6555</x>
    <y>3270</y>
  </row>
  <row>
    <location>9000050</location>
    <x>6800</x>
    <y>3285</y>
  </row>
  <row>
    <location>9000055</location>
    <x>6555</x>
    <y>3180</y>
  </row>
  <row>
    <location>9000060</location>
    <x>6800</x>
    <y>3190</y>
  </row>
  <row>
    <location>9000065</location>
    <x>6555</x>
    <y>3080</y>
  </row>
  <row>
    <location>9000070</location>
    <x>6800</x>
    <y>3090</y>
  </row>
  <row>
    <location>9000075</location>
    <x>6555</x>
    <y>2990</y>
  </row>
  <row>
    <location>9000080</location>
    <x>6800</x>
    <y>3000</y>
  </row>
  <row>
    <location>9000085</location>
    <x>6555</x>
    <y>2900</y>
  </row>
  <row>
    <location>9000090</location>
    <x>6800</x>
    <y>2910</y>
  </row>
  <row>
    <location>9000095</location>
    <x>6555</x>
    <y>2810</y>
  </row>
  <row>
    <location>9000100</location>
    <x>6800</x>
    <y>2820</y>
  </row>
  <row>
    <location>9000105</location>
    <x>6555</x>
    <y>2715</y>
  </row>
  <row>
    <location>9000110</location>
    <x>6800</x>
    <y>2730</y>
  </row>
  <row>
    <location>9000115</location>
    <x>6555</x>
    <y>2625</y>
  </row>
  <row>
    <location>9000120</location>
    <x>6800</x>
    <y>2635</y>
  </row>
  <row>
    <location>9000125</location>
    <x>6555</x>
    <y>2530</y>
  </row>
  <row>
    <location>9000130</location>
    <x>6800</x>
    <y>2540</y>
  </row>
  <row>
    <location>9000135</location>
    <x>6555</x>
    <y>2435</y>
  </row>
  <row>
    <location>9000140</location>
    <x>6800</x>
    <y>2450</y>
  </row>
  <row>
    <location>9000145</location>
    <x>6555</x>
    <y>2345</y>
  </row>
  <row>
    <location>9000150</location>
    <x>6800</x>
    <y>2355</y>
  </row>
  <row>
    <location>9000155</location>
    <x>6555</x>
    <y>2255</y>
  </row>
  <row>
    <location>9000160</location>
    <x>6800</x>
    <y>2260</y>
  </row>
  <row>
    <location>9000165</location>
    <x>6555</x>
    <y>2155</y>
  </row>
  <row>
    <location>9000170</location>
    <x>6800</x>
    <y>2175</y>
  </row>
  <row>
    <location>9000175</location>
    <x>6555</x>
    <y>2065</y>
  </row>
  <row>
    <location>9000180</location>
    <x>6800</x>
    <y>2080</y>
  </row>
</root>