<?xml version="1.0" encoding="ISO-8859-1"?> 
  <featured>
    <item>
      <product>1917756</product>
      <page>1</page>
    </item>
    <item>
      <product>1916725</product>
      <page>1</page>
    </item>
    <item>
      <product>1903491</product>
      <page>1</page>
    </item>
    <item>
      <product>1011210</product>
      <page>1</page>
    </item>
    <item>
      <product>1011258</product>
      <page>1</page>
    </item>
    <item>
      <product>1012486</product>
      <page>1</page>
    </item>
    <item>
      <product>1000169</product>
      <page>2</page>
    </item>
    <item>
      <product>1013454</product>
      <page>2</page>
    </item>
    <item>
      <product>1013533</product>
      <page>2</page>
    </item>
    <item>
      <product>1014474</product>
      <page>2</page>
    </item>
    <item>
      <product>1015386</product>
      <page>2</page>
    </item>
    <item>
      <product>1016751</product>
      <page>2</page>
    </item>
    <item>
      <product>1100934</product>
      <page>3</page>
    </item>
    <item>
      <product>1100935</product>
      <page>3</page>
    </item>
    <item>
      <product>1100971</product>
      <page>3</page>
    </item>
    <item>
      <product>1100973</product>
      <page>3</page>
    </item>
    <item>
      <product>1106241</product>
      <page>3</page>
    </item>
    <item>
      <product>1107860</product>
      <page>3</page>
    </item>
  </featured>

