<?xml version="1.0" encoding="ISO-8859-1"?> 
  <splash>
      <image>
 	  		<file>https://e-2-e.co.uk/splash2.jpg</file>
 	  		<wait>2</wait>
      </image>
	  	<image>
 	  		<file>https://e-2-e.co.uk/splash3.jpg</file>
 	  		<wait>2</wait>
        <url>http://yahoo.com</url>
        <products>1000169</products>
        <buttons_x>92</buttons_x>
        <buttons_y>10</buttons_y>
        <buttons_col>wb</buttons_col>
      </image>
      <image>
 	  		<file>https://e-2-e.co.uk/splash1.jpg</file>
 	  		<wait>2</wait>
        <url>http://google.com</url>
        <products>1395934,1395462,1397300</products>
        <buttons_x>10</buttons_x>
        <buttons_y>75</buttons_y>
        <buttons_col>bw</buttons_col>
      </image>
 	</splash>

